timestamp,bgw_ms,att1_ms,att2_ms,cloudflare_ms,google_ms
2026-09-01 23:57:47,1.06,1.43,1.68,5.89,6.06
2026-09-01 23:57:48,0.955,1.43,1.86,6.20,6.26
2026-09-01 23:57:49,0.803,1.87,1.85,6.14,5.72
2026-09-01 23:57:50,0.754,1.55,1.73,6.32,6.34
2026-09-01 23:57:51,0.834,1.82,1.78,6.07,6.08
2026-09-01 23:57:52,0.759,1.63,1.60,6.13,5.97
2026-09-01 23:57:54,0.894,1.84,1.75,6.41,6.06
2026-09-01 23:57:55,0.800,1.48,1.87,6.53,6.29
2026-09-01 23:57:56,0.492,1.40,1.50,6.49,6.20
2026-09-01 23:57:57,0.495,1.54,1.70,6.30,6.30
2026-09-01 23:57:58,0.716,1.70,1.58,6.09,6.10
2026-09-01 23:57:59,0.804,1.72,2.06,6.30,5.98
2026-09-01 23:58:00,0.769,1.69,1.72,6.37,6.23
2026-09-01 23:58:01,0.521,1.73,1.95,9.85,9.87
2026-09-01 23:58:02,0.609,2.01,2.35,6.35,6.08
2026-09-01 23:58:03,139,145,133,141,134
2026-09-01 23:58:04,0.809,1.61,1.83,5.77,5.76
2026-09-01 23:58:05,0.795,1.21,2.29,6.19,6.15
2026-09-01 23:58:06,0.834,1.32,1.47,14.9,6.61
2026-09-01 23:58:07,0.845,1.62,1.88,6.34,6.19
2026-09-01 23:58:08,0.839,1.89,1.93,6.30,6.08
2026-09-01 23:58:09,0.361,1.45,1.19,6.32,6.26
2026-09-01 23:58:11,0.330,1.53,0.995,6.20,6.14
2026-09-01 23:58:12,0.732,1.69,1.90,6.22,6.06
2026-09-01 23:58:13,0.801,1.64,1.67,6.31,6.21
2026-09-01 23:58:14,0.710,1.51,1.66,6.12,5.78
2026-09-01 23:58:15,0.794,1.47,0.816,6.39,6.02
2026-09-01 23:58:16,0.848,1.65,1.41,6.37,6.09
2026-09-01 23:58:17,84.3,85.7,85.5,89.1,89.2
2026-09-01 23:58:18,0.720,1.86,1.72,6.09,5.74
2026-09-01 23:58:19,0.799,2.00,1.87,6.50,6.01
2026-09-01 23:58:20,0.584,1.22,2.06,6.31,5.85
2026-09-01 23:58:21,0.258,1.37,1.91,6.26,5.71
2026-09-01 23:58:22,0.767,1.77,1.59,6.35,6.08
2026-09-01 23:58:23,0.818,1.53,1.72,6.48,6.17
2026-09-01 23:58:24,1.32,1.94,1.91,6.46,5.91
2026-09-01 23:58:25,0.676,1.25,1.49,5.95,5.63
2026-09-01 23:58:26,0.768,1.76,1.71,6.49,5.99
2026-09-01 23:58:27,0.621,1.69,1.94,6.24,6.03
2026-09-01 23:58:28,0.745,1.58,1.84,6.15,6.22
2026-09-01 23:58:29,0.752,1.79,1.64,6.56,6.37
2026-09-01 23:58:30,0.723,1.23,1.56,6.21,6.16
2026-09-01 23:58:31,0.308,1.50,1.44,5.63,5.72
2026-09-01 23:58:32,0.761,2.09,2.07,5.84,6.27
2026-09-01 23:58:33,93.9,93.4,93.3,94.1,91.7
2026-09-01 23:58:35,0.786,1.52,1.72,6.32,5.90
2026-09-01 23:58:36,0.624,1.51,1.43,6.31,6.13
2026-09-01 23:58:37,0.827,1.65,1.85,6.19,5.71
2026-09-01 23:58:38,0.701,1.59,2.07,6.21,6.03
2026-09-01 23:58:39,0.387,1.72,1.92,6.34,6.21
2026-09-01 23:58:40,0.712,1.74,1.33,6.39,5.82
2026-09-01 23:58:41,0.785,1.54,1.30,6.43,6.81
2026-09-01 23:58:42,0.716,1.71,1.87,6.14,6.20
2026-09-01 23:58:43,1.43,1.65,1.62,5.80,5.32
2026-09-01 23:58:44,0.727,1.74,1.65,6.21,6.23
2026-09-01 23:58:45,0.830,1.51,1.63,6.36,6.13
2026-09-01 23:58:46,0.766,1.82,1.27,6.31,6.22
2026-09-01 23:58:47,0.717,1.43,1.28,6.31,6.07
2026-09-01 23:58:48,0.826,2.03,1.96,5.91,6.25
2026-09-01 23:58:49,3.62,4.12,2.84,7.65,7.45
2026-09-01 23:58:50,0.780,1.33,1.86,5.36,5.55
2026-09-01 23:58:51,0.843,1.66,2.30,6.04,5.99
2026-09-01 23:58:52,406,408,407,409,407
2026-09-01 23:58:54,0.690,1.72,1.78,6.62,6.30
2026-09-01 23:58:55,0.715,1.88,1.66,6.33,6.00
2026-09-01 23:58:56,0.759,1.29,2.13,6.21,6.05
2026-09-01 23:58:57,0.716,1.37,1.64,6.49,6.11
2026-09-01 23:58:58,0.641,1.80,1.84,6.13,6.16
2026-09-01 23:58:59,46.6,45.6,44.7,45.7,43.0
2026-09-01 23:59:00,0.465,1.92,1.31,6.25,6.12
2026-09-01 23:59:01,0.999,1.12,1.56,5.78,5.84
2026-09-01 23:59:02,0.806,1.80,2.06,6.22,5.95
2026-09-01 23:59:03,0.772,1.17,1.35,6.16,5.59
2026-09-01 23:59:04,0.733,1.98,2.06,6.38,5.60
2026-09-01 23:59:05,0.753,1.12,1.34,6.58,5.86
2026-09-01 23:59:06,0.793,1.70,1.59,6.31,6.01
2026-09-01 23:59:07,0.778,1.70,1.79,6.14,6.11
2026-09-01 23:59:08,1.04,2.12,2.22,6.43,6.60
2026-09-01 23:59:10,0.908,1.78,1.69,6.23,6.09
2026-09-01 23:59:11,0.771,1.42,1.38,6.23,6.09
2026-09-01 23:59:12,0.805,1.98,1.85,6.53,6.29
2026-09-01 23:59:13,879,880,875,877,877
2026-09-01 23:59:15,0.891,1.57,1.69,6.24,6.14
2026-09-01 23:59:16,0.766,1.92,1.78,6.42,5.96
2026-09-01 23:59:17,0.929,1.71,2.07,6.00,6.18
2026-09-01 23:59:18,0.889,1.48,1.41,5.41,5.97
2026-09-01 23:59:19,0.778,1.43,1.47,6.25,6.45
2026-09-01 23:59:20,0.908,2.28,1.95,6.28,6.21
2026-09-01 23:59:21,0.469,1.49,1.93,6.43,6.09
2026-09-01 23:59:22,0.829,1.76,2.12,6.20,6.07
2026-09-01 23:59:23,1.20,1.80,1.95,5.93,5.92
2026-09-01 23:59:24,0.311,1.64,1.98,6.11,6.00
2026-09-01 23:59:25,0.904,1.66,1.57,6.31,6.28
2026-09-01 23:59:26,0.939,1.83,2.27,6.22,6.41
2026-09-01 23:59:27,0.539,1.55,1.98,5.89,5.93
2026-09-01 23:59:28,0.920,1.38,1.74,6.20,5.95
2026-09-01 23:59:29,0.870,2.43,1.78,6.10,6.10
2026-09-01 23:59:30,0.289,1.60,1.84,6.53,6.11
2026-09-01 23:59:31,0.801,1.26,1.76,6.32,6.17
2026-09-01 23:59:32,0.723,1.53,1.84,5.91,6.05
2026-09-01 23:59:33,306,307,307,311,311
2026-09-01 23:59:35,0.748,1.74,1.68,6.32,6.25
2026-09-01 23:59:36,0.802,1.21,1.91,6.34,6.16
2026-09-01 23:59:37,0.768,1.52,1.70,6.14,5.77
2026-09-01 23:59:38,0.886,1.27,2.21,6.46,6.17
2026-09-01 23:59:39,0.752,2.01,1.81,6.28,6.04
2026-09-01 23:59:40,0.747,1.85,1.95,6.20,5.97
2026-09-01 23:59:41,0.703,1.37,1.71,6.03,5.79
2026-09-01 23:59:42,0.696,1.91,1.60,5.78,6.24
2026-09-01 23:59:43,0.786,1.76,1.99,6.02,6.12
2026-09-01 23:59:44,1.03,1.58,1.91,6.43,6.76
2026-09-01 23:59:45,159,160,159,LOSS,LOSS
2026-09-01 23:59:47,0.795,1.65,1.25,6.30,5.99
2026-09-01 23:59:48,0.792,2.18,1.81,6.13,5.64
2026-09-01 23:59:49,0.740,1.85,1.51,5.81,5.92
2026-09-01 23:59:50,0.813,1.88,1.40,5.44,6.04
2026-09-01 23:59:52,0.743,1.80,1.71,5.84,6.17
2026-09-01 23:59:53,0.838,1.84,1.77,6.26,6.08
2026-09-01 23:59:54,0.796,1.80,1.33,6.34,6.16
2026-09-01 23:59:55,0.429,1.44,1.36,6.19,6.06
2026-09-01 23:59:56,0.800,1.84,1.93,6.47,6.05
2026-09-01 23:59:57,0.746,1.72,1.53,6.23,6.14
2026-09-01 23:59:58,0.906,1.66,1.85,6.44,6.06
2026-09-01 23:59:59,0.590,1.85,1.41,6.44,6.12
